{
	"parent": "item/crossbow",
	"textures": {
		"layer0": "item/crossbow_firework"
	},
	"display": {
		"thirdperson_righthand": {
			"rotation": [ -90, 0, -60 ],
			"translation": [ 2, 0.1, -3 ],
			"scale": [ 0.9, 0.9, 0.9 ]
		},
		"thirdperson_lefthand": {
			"rotation": [ -90, 0, 30 ],
			"translation": [ 2, 0.1, -3 ],
			"scale": [ 0.9, 0.9, 0.9 ]
		},
		"firstperson_righthand": {
			"rotation": [ -90, 0, -50 ],
			"translation": [ 3, 3, 3],
			"scale": [ 0.7, 0.7, 0.7 ]
		},
		"firstperson_lefthand": {
			"rotation": [ -90, 0, 40 ],
			"translation": [ 3, 3, 3],
			"scale": [ 0.7, 0.7, 0.7 ]
		}
	}
}