{
"textures": {
    "particle": "blocks/cocoa_stage_1",
    "cocoa": "blocks/cocoa_stage_1"
},
"elements": [ 
{
    "from": [ 7, 5, 9 ],
    "to": [ 9, 12, 15 ],
    "faces": {
        "down":  { "uv": [ 0, 0, 6, 6 ], "texture": "#cocoa" },
        "up":    { "uv": [ 0, 0, 6, 6 ], "texture": "#cocoa" },
        "north": { "uv": [ 9, 4, 15, 11 ], "texture": "#cocoa" },
        "south": { "uv": [ 9, 4, 15, 11 ], "texture": "#cocoa" },
        "west":  { "uv": [ 9, 4, 15, 11 ], "texture": "#cocoa" },
        "east":  { "uv": [ 9, 4, 15, 11 ], "texture": "#cocoa" }
    }
},
{
    "from": [ 8, 12, 12 ],
    "to": [ 8.0625, 16, 16 ],
    "faces": {
        "west":  { "uv": [ 12, 0, 16, 4 ], "texture": "#cocoa" },
        "east":  { "uv": [ 16, 0, 12, 4 ], "texture": "#cocoa" }
    }
},
{
    "from": [ 6, 5, 10 ],
    "to": [ 10, 12, 14 ],
    "faces": {
        "down":  { "uv": [ 1, 1, 5, 5 ], "texture": "#cocoa" },
        "up":    { "uv": [ 1, 1, 5, 5 ], "texture": "#cocoa" },
        "north": { "uv": [ 10, 4, 14, 11 ], "texture": "#cocoa" },
        "south": { "uv": [ 10, 4, 14, 11 ], "texture": "#cocoa" },
        "west":  { "uv": [ 10, 4, 14, 11 ], "texture": "#cocoa" },
        "east":  { "uv": [ 10, 4, 14, 11 ], "texture": "#cocoa" }
    }
},
{
    "from": [ 5, 5, 11 ],
    "to": [ 11, 12, 13 ],
    "faces": {
        "down":  { "uv": [ 0, 2, 6, 4 ], "texture": "#cocoa" },
        "up":    { "uv": [ 0, 2, 6, 4 ], "texture": "#cocoa" },
        "north": { "uv": [ 9, 4, 15, 11 ], "texture": "#cocoa" },
        "south": { "uv": [ 9, 4, 15, 11 ], "texture": "#cocoa" },
        "west":  { "uv": [ 11, 4, 13, 11 ], "texture": "#cocoa" },
        "east":  { "uv": [ 11, 4, 13, 11 ], "texture": "#cocoa" }
    }
}
]
}