{
"textures": {
    "particle": "blocks/cocoa_stage_2",
    "cocoa": "blocks/cocoa_stage_2"
},
"elements": [ 
{
    "from": [ 7, 3, 7 ],
    "to": [ 9, 12, 15 ],
    "faces": {
        "down":  { "uv": [ 3, 0, 5, 8 ], "texture": "#cocoa" },
        "up":    { "uv": [ 3, 0, 5, 8 ], "texture": "#cocoa" },
        "north": { "uv": [ 11, 4, 13, 13 ], "texture": "#cocoa" },
        "south": { "uv": [ 11, 4, 13, 13 ], "texture": "#cocoa" },
        "west":  { "uv": [ 8, 4, 16, 13 ], "texture": "#cocoa" },
        "east":  { "uv": [ 8, 4, 16, 13 ], "texture": "#cocoa" }
    }
},
{
    "from": [ 8, 12, 10 ],
    "to": [ 8.0625, 16, 16 ],
    "faces": {
        "west":  { "uv": [ 10, 0, 16, 4 ], "texture": "#cocoa" },
        "east":  { "uv": [ 16, 0, 10, 4 ], "texture": "#cocoa" }
    }
},
{
    "from": [ 6, 3, 8 ],
    "to": [ 10, 12, 14 ],
    "faces": {
        "down":  { "uv": [ 2, 1, 6, 7 ], "texture": "#cocoa" },
        "up":    { "uv": [ 2, 1, 6, 7 ], "texture": "#cocoa" },
        "north": { "uv": [ 10, 4, 14, 13 ], "texture": "#cocoa" },
        "south": { "uv": [ 10, 4, 14, 13 ], "texture": "#cocoa" },
        "west":  { "uv": [ 9, 4, 15, 13 ], "texture": "#cocoa" },
        "east":  { "uv": [ 9, 4, 15, 13 ], "texture": "#cocoa" }
    }
},
{
    "from": [ 5, 3, 9 ],
    "to": [ 11, 12, 13 ],
    "faces": {
        "down":  { "uv": [ 1, 2, 7, 6 ], "texture": "#cocoa" },
        "up":    { "uv": [ 1, 2, 7, 6 ], "texture": "#cocoa" },
        "north": { "uv": [ 9, 4, 15, 13 ], "texture": "#cocoa" },
        "south": { "uv": [ 9, 4, 15, 13 ], "texture": "#cocoa" },
        "west":  { "uv": [ 10, 4, 14, 13 ], "texture": "#cocoa" },
        "east":  { "uv": [ 10, 4, 14, 13 ], "texture": "#cocoa" }
    }
},
{
    "from": [ 4, 3, 10 ],
    "to": [ 12, 12, 12 ],
    "faces": {
        "down":  { "uv": [ 0, 3, 8, 5 ], "texture": "#cocoa" },
        "up":    { "uv": [ 0, 3, 8, 5 ], "texture": "#cocoa" },
        "north": { "uv": [ 8, 4, 16, 13 ], "texture": "#cocoa" },
        "south": { "uv": [ 8, 4, 16, 13 ], "texture": "#cocoa" },
        "west":  { "uv": [ 11, 4, 13, 13 ], "texture": "#cocoa" },
        "east":  { "uv": [ 11, 4, 13, 13 ], "texture": "#cocoa" }
    }
}
]
}