{
	"textures": {
		"particle": "block/iron_bars_model",
		"iron_bars": "block/iron_bars_model"
	},
	"elements": [ 	 
		{
			"__comment": "Box3",
			"from": [ 7, 0, 7 ],
			"to": [ 9, 16, 9 ],
			"faces": {
				"down": { "uv": [ 4, 15, 6, 16 ], "texture": "#iron_bars", "cullface": "down", "rotation": 270 },
				"up": { "uv": [ 4, 1, 6, 0 ], "texture": "#iron_bars", "cullface": "up", "rotation": 90 },
				"north": { "uv": [ 4, 0, 5, 16 ], "texture": "#iron_bars" },
				"south": { "uv": [ 6, 16, 5, 0 ], "texture": "#iron_bars", "rotation": 180 },
				"west": { "uv": [ 4, 0, 6, 16 ], "texture": "#iron_bars" },
				"east": { "uv": [ 6, 0, 4, 16 ], "texture": "#iron_bars" }
			}
		}
	]
}