{
    "__comment": "TheVoid1313's AD Reforged - by kyctarniq",
    "variants": {
        "normal": [
            { "model": "end_bricks/0", "weight": 15 },
            { "model": "end_bricks/1", "weight": 15 },
            { "model": "end_bricks/2", "weight": 15 },
            { "model": "end_bricks/3", "weight": 15 },
            { "model": "end_bricks/4", "weight": 15 },
            { "model": "end_bricks/5", "weight": 15 },
            { "model": "end_bricks/6", "weight": 15 },
            { "model": "end_bricks/7", "weight": 3 },
            { "model": "end_bricks/8", "weight": 15 }
		]
    }
}
