{
    "__comment": "TheVoid1313's AD Reforged - by kyctarniq",
    "variants": {
        "normal": [
            { "model": "gold_ore/0", "weight": 15 },
            { "model": "gold_ore/1", "weight": 15 },
            { "model": "gold_ore/2", "weight": 15 },
			{ "model": "gold_ore/0", "weight": 15, "y": 180 },
            { "model": "gold_ore/1", "weight": 15, "y": 180 },
            { "model": "gold_ore/2", "weight": 15, "y": 180 },
			{ "model": "gold_ore/0", "weight": 15, "y": 180, "x": 90 },
            { "model": "gold_ore/1", "weight": 15, "y": 180, "x": 90 },
            { "model": "gold_ore/2", "weight": 15, "y": 180, "x": 90 }
		]
    }
}
