{
    "__comment": "TheVoid1313's AD Reforged - by kyctarniq",
    "variants": {
        "normal": [
			{ "model": "quartz_ore/0" },
			{ "model": "quartz_ore/1" },
			{ "model": "quartz_ore/0", "x": 90 },
			{ "model": "quartz_ore/1", "x": 90 },
			{ "model": "quartz_ore/0", "x": 180 },
			{ "model": "quartz_ore/1", "x": 180 },
			{ "model": "quartz_ore/0", "x": 270 },
			{ "model": "quartz_ore/1", "x": 270 },
			{ "model": "quartz_ore/0", "x": 90, "y": 90 },
			{ "model": "quartz_ore/1", "x": 90, "y": 90 },
			{ "model": "quartz_ore/0", "x": 180, "y": 90 },
			{ "model": "quartz_ore/1", "x": 180, "y": 90 },
			{ "model": "quartz_ore/0", "x": 270, "y": 90 },
			{ "model": "quartz_ore/1", "x": 270, "y": 90 }
		]
    }
}
